CustomerID,Recency,Frequency,Monetary,AOV,AvgGapDays
10394,39,16,5855.369071329837,365.96056695811484,42.53333333333333
10440,5,23,10833.944357519502,471.04105902258704,27.045454545454547
10477,22,25,8337.111790306917,333.4844716122767,27.333333333333332
10488,159,19,5717.425917232438,300.91715353854937,27.0
10492,19,12,3906.696296354512,325.5580246962093,54.90909090909091
10585,6,20,7465.650524626046,373.2825262313023,34.63157894736842
10636,4,18,5479.054894245328,304.3919385691849,39.05882352941177
10662,6,25,6446.331958324843,257.85327833299374,28.458333333333332
10706,34,18,4647.597038241828,258.1998354578793,31.352941176470587
10892,3,17,6474.338334074349,380.8434314161382,43.25
11088,13,16,6593.37248104972,412.0857800656075,44.666666666666664
11107,36,9,3536.4728916883714,392.9414324098191,73.25
11254,24,21,5782.244731877864,275.34498723227927,32.0
11311,7,22,8112.469912660705,368.7486323936684,32.333333333333336
11417,44,24,6962.722453717996,290.1134355715832,27.91304347826087
11605,10,16,5374.19570797555,335.8872317484719,44.333333333333336
11616,10,18,5892.692606588329,327.37181147712937,37.88235294117647
11757,16,21,7277.040262200391,346.5257267714472,33.05
11903,17,11,2084.8234403249844,189.52940366590767,65.9
11945,68,21,6850.299675822023,326.2047464677154,28.05
11990,27,20,5329.373397613987,266.4686698806994,35.31578947368421
12044,29,22,5559.482460992861,252.70374822694822,28.523809523809526
12052,25,21,7846.631960175406,373.64914096073363,32.9
12156,46,14,6810.938239879708,486.4955885628363,44.92307692307692
12237,98,14,6283.766093752566,448.84043526804044,38.46153846153846
12259,1,23,6607.8685757921885,287.29863373009516,31.727272727272727
12609,28,20,6287.14538104829,314.3572690524145,34.473684210526315
12773,41,17,7658.977263067594,450.52807429809377,38.8125
12871,24,12,3255.270864441635,271.2725720368029,58.54545454545455
12914,42,24,7493.251336659118,312.2188056941299,27.130434782608695
13122,9,29,8880.434239603814,306.221870331166,24.071428571428573
13163,296,13,3674.258207475407,282.63524672887746,29.583333333333332
13245,47,16,6515.255888291643,407.2034930182277,43.53333333333333
13254,19,17,5024.79610922418,295.57624171906946,41.4375
13353,16,18,5992.816992803053,332.9342773779474,39.23529411764706
13367,7,18,5765.872141980613,320.3262301100341,31.470588235294116
13613,2,20,6864.240814343615,343.21204071718074,35.36842105263158
13745,43,26,7969.47898074622,306.5184223363931,25.56
13811,36,25,5955.884682463931,238.23538729855724,27.583333333333332
13889,3,23,6551.98942034766,284.86910523250697,31.636363636363637
13912,48,20,5905.637374433803,295.28186872169016,30.36842105263158
13942,41,22,6311.899397694782,286.90451807703556,27.38095238095238
13975,170,13,2969.395407752019,228.4150313655399,42.916666666666664
14030,6,12,2801.9110471931817,233.49258726609847,49.36363636363637
14041,36,20,7004.595413217983,350.22977066089913,32.73684210526316
14432,4,18,5763.270379324023,320.18168774022354,39.1764705882353
14513,6,20,4130.702580984964,206.53512904924818,31.842105263157894
14649,22,26,6427.803124166358,247.22319708332148,26.12
14676,14,25,8231.533415925875,329.26133663703496,28.0
14772,59,23,9759.396578320466,424.3215903617594,28.954545454545453
14804,19,18,5708.065129706316,317.11472942812867,39.94117647058823
14904,2,13,4569.579524570297,351.5061172746382,56.25
14985,17,19,4370.546853619495,230.0287817694471,36.05555555555556
15150,4,22,7143.590676749027,324.70866712495575,31.238095238095237
15247,34,16,5010.016736868357,313.1260460542723,44.2
15501,22,13,2736.898189942171,210.5306299955516,51.75
15743,22,23,8056.725451056366,350.2924109154942,30.363636363636363
15846,7,19,5810.819789777406,305.8326205146003,35.27777777777778
15990,36,15,5184.618749065623,345.6412499377082,37.142857142857146
16087,76,11,3531.56097436936,321.0509976699418,58.3
16112,44,18,5635.442200735558,313.08012226308654,37.76470588235294
16318,39,24,7411.995362362984,308.8331400984577,28.52173913043478
16521,18,13,3832.5494321053193,294.81149477733226,54.25
16870,121,20,5823.16222206935,291.1581111034675,28.0
17127,7,27,6502.553100025511,240.83530000094487,26.076923076923077
17132,55,23,8537.38469148469,371.19063876020397,27.818181818181817
17278,29,13,4670.013171609098,359.23178243146907,43.916666666666664
17445,11,15,6036.539448343382,402.43596322289216,48.57142857142857
17594,12,16,4358.6315882219005,272.4144742638688,44.93333333333333
17599,24,18,4090.1966895015316,227.23314941675176,35.88235294117647
17604,28,30,11311.996750691409,377.0665583563803,22.96551724137931
17735,102,23,7999.458734176993,347.80255365986926,26.818181818181817
17742,17,20,5968.074560976464,298.4037280488232,31.894736842105264
17763,87,17,6383.817421762342,375.5186718683731,36.5625
17888,36,26,10550.029827084116,405.7703779647737,24.72
17893,11,18,7471.284275487154,415.07134863817527,37.64705882352941
18032,29,18,5911.024378565679,328.39024325364886,38.8235294117647
18104,56,18,6697.802686961856,372.1001492756587,37.8235294117647
18109,33,16,4419.842749054628,276.24017181591427,39.86666666666667
18139,46,18,4444.562506356258,246.92013924201436,37.470588235294116
18150,16,15,4233.529542600505,282.2353028400337,44.142857142857146
18183,2,18,6307.828741507591,350.43493008375503,40.529411764705884
18254,77,19,5365.531441155064,282.3963916397402,33.166666666666664
18292,3,13,4427.191131370057,340.55316395154284,56.583333333333336
18398,65,24,6226.801254304782,259.4500522626992,27.217391304347824
18406,56,16,4615.79397786517,288.4871236165731,39.666666666666664
18475,85,21,6624.4247378624295,315.4487970410681,29.8
18501,7,17,5477.6926383740765,322.2172140220045,41.3125
18522,35,16,6407.803907860483,400.4877442412802,43.266666666666666
18554,26,14,3276.9766975625944,234.0697641116139,50.69230769230769
18558,54,15,3689.9804223868496,245.99869482578998,42.07142857142857
18571,19,15,5447.177899126418,363.1451932750945,43.0
18610,1,18,5626.045450722553,312.5580805956974,37.705882352941174
18675,59,17,5504.205857293756,323.77681513492684,35.125
18750,35,11,5310.671694409708,482.788335855428,62.7
18920,64,16,6384.012665990247,399.00079162439044,41.266666666666666
18998,1,12,6228.516601709893,519.0430501424911,62.45454545454545
19150,4,22,9359.778169394101,425.44446224518646,32.904761904761905
19306,49,16,5862.877442828301,366.42984017676883,37.86666666666667
19474,61,11,3731.291648274334,339.2083316613031,51.3
19530,6,20,6097.05821624494,304.852910812247,36.0
19552,53,18,5799.18788445535,322.1771046919639,37.8235294117647
19577,10,23,6902.216090746879,300.09635177160345,30.181818181818183
19606,67,23,6821.041931816017,296.56704051373987,27.318181818181817
19696,73,16,3419.7922975458123,213.73701859661327,39.8
19771,33,19,4996.512365266489,262.9743350140257,33.666666666666664
19822,68,18,5083.235522231429,282.4019734573016,35.11764705882353
19952,18,16,4970.769090317249,310.67306814482805,36.8
20235,11,42,12432.637282236308,296.0151733865788,16.536585365853657
20307,199,19,4825.589896279401,253.97841559365267,23.27777777777778
20393,64,11,3260.761063915569,296.4328239923245,44.2
20438,82,20,8168.084739888392,408.4042369944196,28.105263157894736
20539,15,11,4489.8370364114235,408.1670033101294,62.5
20620,122,13,6028.672747847541,463.74405752673397,47.25
20662,226,17,3703.4611570391635,217.8506562964214,29.5625
20698,2,34,11984.677621401892,352.49051827652625,20.393939393939394
20700,16,24,6341.998025315419,264.2499177214758,29.0
20729,7,19,8239.106102652731,433.6371632975122,36.05555555555556
20775,25,15,5030.03205069591,335.335470046394,46.142857142857146
20820,52,15,4813.459745498857,320.8973163665905,44.785714285714285
20964,14,23,7639.473140121449,332.1510060922369,30.454545454545453
20972,18,14,3475.30369198538,248.2359779989557,50.53846153846154
21046,31,22,6551.538517408147,297.79720533673395,31.428571428571427
21048,40,24,7165.38027771015,298.55751157125627,27.695652173913043
21137,43,20,5688.084631066713,284.40423155333565,33.89473684210526
21243,29,23,6911.442378230895,300.4974947056911,29.727272727272727
21365,30,21,6529.274889264525,310.9178518697393,31.95
21481,85,19,7362.255361804009,387.4871243054742,34.0
21512,162,8,2300.454035907249,287.5567544884061,54.142857142857146
21530,3,15,4701.90524596905,313.46034973127,46.57142857142857
21640,7,38,10909.138091631641,287.0825813587274,18.54054054054054
21692,43,20,7195.624820500008,359.78124102500044,27.57894736842105
21795,15,21,4521.282171045683,215.29915100217536,29.45
21863,31,20,6423.527349883794,321.1763674941897,35.1578947368421
21889,64,19,7584.507625848619,399.1846118867694,32.94444444444444
21899,87,12,4178.917427854847,348.2431189879039,51.54545454545455
22068,10,20,6234.7163649183685,311.73581824591844,31.63157894736842
22109,27,23,7849.020799869017,341.2617739073485,30.318181818181817
22287,39,19,7381.23107162292,388.4858458748906,31.88888888888889
22366,45,17,4419.893682001963,259.99374600011544,40.0
22522,23,26,7716.565308679321,296.7909734107431,27.08
22577,50,14,6099.115879053938,435.65113421813845,43.61538461538461
22579,95,20,6578.368939518906,328.9184469759453,31.31578947368421
22581,112,17,3713.295135064006,218.42912559200036,35.75
22593,125,15,3872.0331440419086,258.13554293612725,37.785714285714285
22620,1,30,6687.005811317225,222.90019371057417,23.517241379310345
22622,121,11,2982.5271169631733,271.1388288148339,54.5
22630,34,21,5372.29491117604,255.82356719885905,32.85
22713,6,18,7602.588644052421,422.36603578069,40.411764705882355
22871,7,24,6296.740201224364,262.36417505101514,29.91304347826087
22948,51,19,6084.550569087416,320.2395036361798,34.05555555555556
22950,13,25,8839.645271402807,353.5858108561123,24.916666666666668
23007,70,14,4673.782153011783,333.84158235798446,47.84615384615385
23061,23,18,4837.657225212736,268.7587347340409,37.05882352941177
23155,13,20,5467.673305810566,273.38366529052826,36.05263157894737
23300,19,18,5654.1065796706,314.11703220392224,39.0
23313,101,15,4127.563635724877,275.17090904832514,39.214285714285715
23338,9,17,5865.176173950915,345.01036317358324,43.0
23359,11,20,8976.00843788689,448.80042189434454,33.10526315789474
23634,15,13,3315.4089041889993,255.03145416838456,51.333333333333336
23638,57,15,6220.559987814673,414.70399918764485,44.07142857142857
23707,15,25,8549.553627187694,341.9821450875077,27.458333333333332
23795,12,13,3185.9806386894084,245.0754337453391,54.833333333333336
23809,31,26,5863.805140989601,225.5309669611385,25.72
23825,9,21,5807.815993412277,276.56266635296555,34.5
23885,20,16,5655.894945971571,353.4934341232232,44.333333333333336
23969,3,17,6536.839227951824,384.5199545854014,42.4375
24027,44,19,4016.210935585517,211.37952292555352,35.888888888888886
24069,100,21,4277.912426379784,203.71011554189448,28.95
24184,2,19,5763.132345321575,303.322755016925,34.94444444444444
24212,24,30,9321.118625973053,310.70395419910176,22.482758620689655
24461,46,24,8629.774872358019,359.57395301491744,27.695652173913043
24491,5,20,5537.630728547447,276.88153642737234,35.63157894736842
24514,30,20,4435.899600913452,221.7949800456726,34.94736842105263
24814,4,25,10076.999507451343,403.0799802980537,27.666666666666668
24860,1,20,5752.525184749046,287.6262592374523,35.0
24870,17,23,5688.4854314861395,247.32545354287564,29.681818181818183
24897,27,19,6555.2474425873725,345.01302329407224,36.55555555555556
24937,2,17,4031.1635614776887,237.127268322217,42.0
24959,265,6,1910.3843964041118,318.3973994006853,42.0
25027,77,13,3939.392304709585,303.0301772853527,51.666666666666664
25094,9,15,5138.568290058386,342.5712193372257,47.92857142857143
25245,23,12,3968.086338073558,330.67386150612987,60.45454545454545
25353,24,14,6006.6049608562325,429.0432114897309,50.38461538461539
25416,44,19,6206.746913794231,326.6708901996964,31.27777777777778
25581,11,19,6694.96723972913,352.36669682784895,35.611111111111114
25684,71,8,3160.0670639335713,395.0083829916964,87.85714285714286
25717,5,20,6434.50413224091,321.7252066120455,35.63157894736842
25766,108,26,7574.906791670313,291.34256891039666,22.48
25839,20,23,7611.802632637589,330.9479405494604,29.272727272727273
25904,21,17,5207.4986134271085,306.3234478486534,37.5625
25909,4,23,7726.394851062992,335.93021091578225,30.136363636363637
26133,1,17,4208.324642003903,247.54850835317077,43.5625
26150,6,22,6208.791907365293,282.21781397114967,32.23809523809524
26262,11,25,9658.877147788075,386.35508591152296,28.416666666666668
26331,4,21,7019.107290743086,334.24320432109937,33.1
26334,32,16,6733.278474202488,420.8299046376555,44.53333333333333
26429,13,23,5586.370532654381,242.8856753327992,30.863636363636363
26462,39,29,11763.114701367396,405.6246448747378,23.428571428571427
26517,19,20,5903.930691638521,295.1965345819261,33.63157894736842
26940,22,10,2538.8996563414858,253.88996563414858,73.88888888888889
27052,26,18,6728.406314190574,373.8003507883652,38.88235294117647
27306,12,24,8079.093305321482,336.6288877217284,29.73913043478261
27373,8,17,6850.2418761233275,402.9554044778428,41.375
27517,119,23,7521.958327117944,327.04166639643233,26.045454545454547
27533,151,17,7069.387631769501,415.8463312805589,29.4375
27678,7,19,5424.984526351565,285.5255013869245,37.611111111111114
27727,10,28,9036.669599941275,322.73819999790265,25.037037037037038
27838,7,18,4602.8268622885425,255.71260346047458,39.8235294117647
27979,19,22,5443.376607479299,247.42620943087724,32.42857142857143
27991,50,26,6793.416731428117,261.2852589010814,25.56
28132,55,13,4094.099498849573,314.9307306807364,51.166666666666664
28160,20,15,5127.04649700959,341.80309980063936,47.357142857142854
28211,4,19,6815.064809371992,358.68762154589433,35.833333333333336
28212,43,29,9454.078799993185,326.0027172411443,22.571428571428573
28216,20,15,5299.702066893285,353.313471126219,43.214285714285715
28246,11,19,4561.309878830921,240.0689409911011,37.44444444444444
28743,17,16,4934.4504644385315,308.4031540274082,42.46666666666667
29312,12,24,8584.310120266118,357.6795883444216,28.26086956521739
29586,42,22,6526.176144891362,296.64437022233466,30.61904761904762
29721,70,24,5564.08552852512,231.83689702188,26.782608695652176
30107,22,30,9732.498663557832,324.4166221185944,23.03448275862069
30303,70,22,7097.89065227576,322.6313932852618,28.38095238095238
30421,18,16,4743.497630306153,296.46860189413457,42.333333333333336
30451,31,20,4637.564901356679,231.87824506783394,34.31578947368421
30526,29,21,5505.2632309284145,262.1553919489721,33.55
30668,19,19,5385.363220057292,283.44016947669957,36.72222222222222
30719,11,21,5614.599455006831,267.3618788098491,32.5
30931,34,16,5576.092002950413,348.5057501844008,38.266666666666666
30937,28,14,3470.603275679109,247.90023397707924,43.38461538461539
31054,120,19,7294.709882309698,383.93209906893145,31.333333333333332
31189,16,21,5566.884166755549,265.0897222264547,34.1
31213,56,21,7217.513314057716,343.6911101932246,31.9
31280,55,27,7722.840894834172,286.0311442531175,24.653846153846153
31299,32,13,3719.899369561777,286.14610535090594,53.0
31306,100,22,8989.561387298321,408.61642669537827,27.333333333333332
31469,16,12,3070.0152713762996,255.83460594802497,60.81818181818182
31488,78,20,6605.2008316718475,330.2600415835924,31.473684210526315
31559,60,22,5879.295201347518,267.24069097034175,29.61904761904762
31588,18,21,6882.7667242439875,327.7507963925708,33.7
31674,68,25,8272.047926100577,330.88191704402306,26.166666666666668
31687,68,14,3989.0533328173738,284.9323809155267,45.15384615384615
31948,5,14,4997.510469575553,356.9650335411109,52.69230769230769
32039,17,16,5608.959699513456,350.559981219591,45.2
32093,7,33,11647.134037885848,352.94345569351054,21.09375
32132,3,15,3236.2648093455,215.7509872897,49.285714285714285
32165,8,14,3427.461577128274,244.818684080591,52.76923076923077
32305,62,25,7262.141937782738,290.4856775113095,25.375
32345,6,16,5770.192282283859,360.63701764274117,45.93333333333333
32444,9,25,8475.407739850652,339.0163095940261,28.666666666666668
32481,141,10,3508.34164502887,350.834164502887,60.77777777777778
32545,26,20,8533.349552140524,426.66747760702617,35.1578947368421
32804,49,24,6300.193061923399,262.5080442468083,26.91304347826087
32903,4,17,4664.2206158010085,274.3659185765299,39.125
33036,12,16,4435.055078925543,277.19094243284644,42.8
33174,2,17,4618.730278474301,271.6900163808412,39.625
33502,23,19,6833.814068529962,359.6744246594717,37.05555555555556
33621,33,18,5242.193516977268,291.2329731654038,39.05882352941177
33716,29,22,8144.313997767762,370.1960908076255,30.095238095238095
33928,4,21,5131.126040345393,244.33933525454253,34.45
33981,12,24,6999.0709136599335,291.62795473583054,28.47826086956522
34027,10,15,4016.6904748772527,267.77936499181686,45.642857142857146
34182,11,30,10140.022996605316,338.0007665535105,20.03448275862069
34347,19,15,4540.883693273587,302.7255795515724,47.57142857142857
34368,216,11,2144.034763694021,194.912251244911,46.9
34386,18,25,7112.812250740039,284.51249002960157,28.083333333333332
34501,14,22,8661.863128189721,393.721051281351,32.0
34666,3,17,5926.121670009867,348.59539235352156,41.4375
34825,17,16,3379.619802036762,211.22623762729762,45.13333333333333
34889,17,18,6566.422666970105,364.8012592761169,39.705882352941174
34908,19,18,4771.435977520333,265.07977652890736,37.94117647058823
34940,33,18,6465.110344848441,359.1727969360245,36.705882352941174
35026,20,20,5692.346057748372,284.6173028874186,31.473684210526315
35136,37,22,6897.119877320144,313.5054489690975,30.38095238095238
35245,1,15,4096.58687495215,273.1057916634766,49.357142857142854
35310,27,24,8322.74819891553,346.7811749548137,29.26086956521739
35324,15,19,4306.072779553965,226.6354094502087,30.555555555555557
35404,15,18,6647.938316555309,369.32990647529493,40.0
35551,131,12,2729.8089481131265,227.4840790094272,50.27272727272727
35610,98,17,4902.942733130692,288.40839606651133,34.125
35624,5,15,2963.681844948467,197.57878966323113,47.0
35779,8,25,9541.613609435977,381.6645443774391,27.833333333333332
35901,25,22,6076.91690888964,276.22349585861997,31.761904761904763
35913,82,16,4764.865429160335,297.80408932252095,39.2
35933,79,13,4010.6460920013787,308.5112378462599,45.833333333333336
35949,15,21,7850.7210629056735,373.8438601383654,26.65
36001,14,22,5442.957387662293,247.40715398464965,31.857142857142858
36086,9,17,5131.996603645985,301.88215315564617,42.375
36182,7,26,10394.744525703747,399.79786637322104,26.44
36423,18,24,9012.64220107609,375.5267583781704,29.130434782608695
36527,3,22,6278.471494084158,285.38506791291627,33.0
36582,105,21,5808.242991772706,276.5829996082241,28.35
36687,46,17,6109.677580745831,359.3927988674018,35.9375
36718,20,18,6351.280409747866,352.8489116526592,37.23529411764706
36880,19,17,7352.076247317752,432.47507337163245,38.6875
36891,168,19,3698.9576069145655,194.68197931129293,27.944444444444443
36999,30,17,4769.53816571558,280.56106857150473,40.875
37085,33,23,6701.326244626069,291.362010635916,28.772727272727273
37120,54,22,5986.691661851424,272.1223482659738,25.80952380952381
37135,19,21,6631.6889932234,315.79471396301903,33.0
37173,1,22,6539.348052602906,297.2430933001321,31.714285714285715
37195,14,18,7579.407772326145,421.0782095736747,39.705882352941174
37355,180,15,6084.039357098699,405.6026238065799,36.285714285714285
37423,19,15,4126.743504138777,275.1162336092518,47.714285714285715
37535,21,16,6397.600247766782,399.85001548542385,43.2
37779,54,21,7257.28804408613,345.5851449564824,31.95
37895,4,23,6046.511122148746,262.8917879195107,28.40909090909091
37928,10,18,4316.364505079555,239.79802805997528,40.529411764705884
37929,81,21,7904.320880075892,376.3962323845663,30.95
38112,152,15,5188.498996568095,345.8999331045397,35.214285714285715
38171,13,19,5095.203876906693,268.16862510035224,37.0
38236,20,15,4463.958553001231,297.59723686674874,46.92857142857143
38299,29,20,6265.399669223346,313.26998346116727,34.473684210526315
38384,34,23,8074.126456892561,351.04897638663306,30.181818181818183
38411,12,14,4110.094017147444,293.57814408196026,49.84615384615385
38433,23,22,5888.592814893288,267.66330976787674,31.952380952380953
38458,18,22,8062.836397294585,366.4925635133902,29.80952380952381
38533,107,25,7296.767014259817,291.87068057039266,24.625
38542,8,15,4950.799175000503,330.05327833336685,49.214285714285715
38618,20,13,4425.115717334082,340.39351671800625,51.416666666666664
38684,1,20,7985.8493830656935,399.2924691532847,34.36842105263158
38837,7,26,6584.078090446858,253.23377270949456,27.0
38860,117,12,2389.709107136828,199.14242559473567,50.27272727272727
38862,27,18,5248.134263665593,291.5630146480885,39.1764705882353
38909,18,22,6314.830433124759,287.03774696021634,32.095238095238095
39077,25,25,6684.513566371562,267.3805426548625,23.708333333333332
39323,85,12,3456.4321499013367,288.0360124917781,52.54545454545455
39474,53,16,6604.183004884486,412.76143780528037,42.53333333333333
39552,38,27,10417.666858518598,385.8395132784666,24.76923076923077
39687,69,20,8213.858741981052,410.6929370990526,32.78947368421053
39717,56,21,7547.065457212535,359.38406939107307,31.0
39840,18,19,7084.672503169799,372.8775001668315,37.22222222222222
40027,51,24,7364.893336418726,306.8705556841136,28.217391304347824
40081,9,27,7275.139897179142,269.44962582144973,22.576923076923077
40085,68,18,3455.0706421014074,191.94836900563374,33.294117647058826
40202,38,20,6403.03766255209,320.1518831276045,34.8421052631579
40440,2,21,7782.88747920156,370.6136894857886,30.0
40504,65,22,7415.032875146174,337.04694887028063,26.80952380952381
40832,11,14,4499.8759563980975,321.4197111712927,52.38461538461539
40842,8,21,6109.908429290818,290.94802044241993,33.1
41217,68,23,5601.134528010188,243.527588174356,28.454545454545453
41274,61,22,5486.234979318536,249.37431724175164,27.952380952380953
41577,22,25,9820.009747801649,392.80038991206595,27.5
41906,19,22,7326.414065276857,333.01882114894806,31.904761904761905
42207,15,15,4536.300713333622,302.4200475555748,47.07142857142857
42458,41,21,5879.138579934451,279.9589799968786,31.55
42470,81,20,5882.278933269119,294.113946663456,31.31578947368421
42562,54,15,3375.557590235878,225.03717268239186,42.285714285714285
42730,6,22,5983.357090752628,271.9707768523922,32.904761904761905
42751,24,22,6748.555872221431,306.75253964642866,31.19047619047619
42776,17,13,2855.142895242678,219.62637655712908,56.916666666666664
42963,6,23,11156.042456833176,485.0453242101381,31.40909090909091
42974,101,19,4355.268665430584,229.2246666016097,31.0
42997,6,18,6256.278934826694,347.57105193481635,39.294117647058826
43048,35,18,6155.730936338972,341.98505201883177,37.88235294117647
43075,52,14,3398.4977747141493,242.74984105101066,46.07692307692308
43341,34,14,4129.676808208439,294.9769148720314,51.0
43371,23,16,5939.362260516629,371.2101412822893,40.93333333333333
43382,36,20,6226.072243827715,311.30361219138575,34.31578947368421
43403,24,15,5308.969467058201,353.93129780388006,48.142857142857146
43624,29,13,4375.159247024902,336.55071130960783,47.083333333333336
43628,7,13,4394.805533299134,338.0619640999334,53.833333333333336
43676,55,15,4272.480805145343,284.83205367635617,45.857142857142854
43871,30,14,5385.723686163906,384.6945490117076,49.15384615384615
43873,116,14,4721.264134897031,337.23315249264505,43.92307692307692
44151,12,21,4607.890356018191,219.4233502865805,32.0
44198,88,14,3847.173985817054,274.7981418440753,46.84615384615385
44291,9,13,3076.8256921319685,236.6788993947668,52.583333333333336
44498,149,21,6947.967714425787,330.855605448847,24.8
44657,18,28,5608.039098360715,200.2871106557398,25.074074074074073
44872,27,16,5093.18039020708,318.3237743879425,39.13333333333333
45182,27,26,8225.606975095083,316.36949904211855,21.08
45426,61,20,7472.531751368147,373.62658756840733,31.157894736842106
45781,56,18,7872.476216176798,437.3597897875999,37.529411764705884
46070,13,24,7418.531984187058,309.1054993411274,29.434782608695652
46216,7,20,6841.404612505996,342.0702306252998,36.421052631578945
46362,21,12,3639.8526897219467,303.3210574768289,61.63636363636363
46367,48,17,4540.34792944785,267.0792899675206,40.125
46574,21,18,6331.400514797243,351.7444730442913,39.11764705882353
46604,10,25,7508.082828881982,300.32331315527927,25.583333333333332
46767,9,23,7517.120566205402,326.83132896545226,28.136363636363637
46790,49,20,7279.389680859889,363.96948404299445,31.94736842105263
46826,81,21,6339.177892206784,301.8656139146088,29.25
46919,71,14,6401.996206348402,457.2854433106001,47.92307692307692
46976,35,10,4043.52523912006,404.352523912006,69.77777777777777
47040,28,17,5395.463293072591,317.3801937101524,41.75
47062,48,23,6658.750148660255,289.5108760287067,27.90909090909091
47131,70,15,4416.113638768256,294.4075759178838,43.857142857142854
47422,12,14,3293.7573081925607,235.26837915661147,35.07692307692308
47463,5,20,5593.728339888024,279.68641699440116,36.526315789473685
47519,28,20,6803.651815141229,340.18259075706146,34.0
47532,49,15,5096.257134621265,339.75047564141767,46.5
47615,17,23,8104.581737143986,352.37311900626025,30.954545454545453
47633,16,14,5958.3826414854375,425.5987601061027,51.30769230769231
47652,3,24,9035.958953693043,376.49828973721014,29.91304347826087
47655,16,14,3052.546921603647,218.03906582883195,49.53846153846154
47674,3,17,6016.11792194306,353.8892895260623,41.0
47719,94,14,5408.05501279185,386.2896437708464,43.46153846153846
48141,19,21,4942.298476108408,235.34754648135277,30.35
48328,12,16,3407.8631324477183,212.9914457779824,41.06666666666667
48510,40,25,10075.80943686282,403.0323774745128,23.375
48632,22,13,4031.7707388860235,310.1362106835403,49.0
48816,8,17,6001.116682480855,353.00686367534445,40.0625
48827,15,20,6302.510194044335,315.12550970221673,35.526315789473685
48886,40,21,7558.5265447740285,359.9298354654299,33.0
48887,11,24,9115.7704528165,379.82376886735415,29.869565217391305
48970,11,21,6575.130112601857,313.1014339334218,34.3
49025,10,24,7648.664144590222,318.6943393579259,28.869565217391305
49032,16,25,6728.962512599118,269.1585005039647,28.166666666666668
49044,4,23,6847.405914683124,297.7133006383967,29.636363636363637
49050,199,14,3819.578679892912,272.82704856377944,38.30769230769231
49088,5,18,5006.150761943936,278.11948677466313,36.76470588235294
49158,74,23,6840.910605094151,297.43089587365876,24.272727272727273
49169,66,14,5169.847102060585,369.2747930043275,39.15384615384615
49304,31,23,6274.804895533231,272.81760415361873,27.545454545454547
49343,18,18,5217.637901461088,289.8687723033938,32.0
49410,11,17,6113.565173201609,359.6214807765652,39.3125
49498,11,27,6012.052416266045,222.66860800985353,25.615384615384617
49501,59,15,3548.664333973282,236.57762226488546,45.642857142857146
49564,12,23,6262.7629670053,272.2940420437087,30.818181818181817
49704,48,14,3249.7855185185254,232.1275370370375,46.07692307692308
49807,70,20,5959.050500577273,297.95252502886365,31.210526315789473
49840,32,15,4179.255658061453,278.6170438707635,47.642857142857146
49906,13,19,5701.961402514422,300.1032317112854,37.77777777777778
50066,11,16,5777.0062028715865,361.06288767947416,45.8
50111,148,18,5674.4593134014385,315.24773963341323,30.294117647058822
50153,70,23,7582.586171042173,329.67765961052925,27.727272727272727
50188,4,16,5506.772957711963,344.17330985699766,44.733333333333334
50189,17,24,8122.327394677733,338.4303081115722,28.73913043478261
50231,45,23,5777.701459764539,251.2044112941104,29.59090909090909
50232,146,19,4544.870639724754,239.20371788025022,29.833333333333332
50389,28,17,5145.921489031007,302.7012640606475,41.5625
50442,31,14,3385.4337420587344,241.81669586133816,49.30769230769231
50534,4,19,5742.799903666414,302.2526265087586,36.833333333333336
50540,1,15,4757.516264678699,317.16775097857993,38.857142857142854
50795,15,17,4359.893779729074,256.46433998406314,41.6875
50850,3,13,3218.2274981512182,247.55596139624757,57.833333333333336
50888,14,17,3704.1980053170564,217.89400031276801,42.75
51008,22,17,3171.0474213263055,186.53220125448857,37.625
51019,3,25,8378.264081457499,335.13056325829996,27.625
51057,31,25,8063.833154629767,322.55332618519066,27.708333333333332
51167,7,28,9084.139005355351,324.43353590554824,25.48148148148148
51268,16,20,6936.196008873984,346.8098004436992,35.8421052631579
51269,34,20,5220.589366337811,261.02946831689053,33.78947368421053
51301,88,25,8566.39113236515,342.655645294606,23.916666666666668
51303,24,19,4100.260161916564,215.80316641666127,34.94444444444444
51402,28,18,6005.6497378267,333.6472076570389,36.294117647058826
51444,12,19,6810.008158068665,358.4214820036139,36.55555555555556
51548,9,16,4204.791460781957,262.7994662988723,42.733333333333334
51568,59,21,7323.582484179575,348.74202305617024,31.9
51651,36,21,4634.270292519191,220.67953773900908,33.0
51664,1,16,4834.25673292636,302.1410458078975,45.2
51670,49,15,3520.1872938803313,234.67915292535542,45.142857142857146
51688,30,16,5658.269935552929,353.6418709720581,42.266666666666666
51938,54,20,5243.7165794426155,262.18582897213076,33.1578947368421
52004,3,21,5827.616233843488,277.505534944928,31.2
52039,5,25,6969.73131935558,278.7892527742232,26.958333333333332
52063,3,18,3549.8095357543652,197.21164087524252,34.35294117647059
52258,10,16,4776.747576358301,298.5467235223938,44.86666666666667
52259,72,18,3891.596512576567,216.19980625425373,32.529411764705884
52398,11,17,5057.357951031621,297.49164417833066,40.4375
52440,49,22,5098.551786466295,231.75235393028615,30.142857142857142
52613,21,22,7855.802257956631,357.0819208162105,31.523809523809526
52671,76,16,5596.152309247407,349.75951932796295,41.4
52674,5,16,4546.289134508919,284.14307090680745,44.733333333333334
52787,27,20,8084.25145127172,404.212572563586,35.0
52812,55,18,4638.131867000657,257.6739926111476,34.05882352941177
52833,5,17,4859.3526335265715,285.84427256038657,35.3125
52954,15,14,3581.743686748399,255.83883476774278,52.07692307692308
53008,20,21,5362.891033161817,255.37576348389607,33.85
53035,8,17,6436.4699084087715,378.61587696522184,42.25
53142,46,18,5380.843819305568,298.93576773919824,32.94117647058823
53281,5,20,5220.459961728089,261.02299808640447,36.26315789473684
53406,53,27,7615.906124367338,282.07059719879027,18.5
53798,46,24,8725.816948060536,363.575706169189,27.565217391304348
53936,85,16,3764.1717231501584,235.2607326968849,32.333333333333336
53972,181,12,3130.7545527176326,260.8962127264694,46.45454545454545
54032,26,17,4822.536281807601,283.6786048122118,40.6875
54163,5,14,4453.587833655678,318.1134166896913,52.69230769230769
54293,25,17,4312.155437371841,253.65620219834358,32.25
54348,92,13,4657.173178621581,358.24409066319856,50.416666666666664
54377,45,21,5801.071074173985,276.2414797225707,29.1
54458,21,20,4924.917861318137,246.24589306590684,35.473684210526315
54555,150,19,3949.564820734375,207.87183267023028,30.38888888888889
54605,76,20,5445.615623919592,272.28078119597956,32.63157894736842
54759,9,16,4586.81982296279,286.67623893517435,35.733333333333334
54800,72,25,8396.476720411665,335.8590688164666,25.875
54924,11,13,2274.6729355127973,174.9748411932921,50.083333333333336
54937,9,15,4785.486736839833,319.0324491226555,43.785714285714285
55031,12,15,4511.143158684528,300.7428772456352,46.785714285714285
55066,66,18,6159.721947193198,342.20677484406656,35.411764705882355
55093,80,17,5791.232009781305,340.66070645772385,35.8125
55296,10,17,7340.425704004274,431.7897472943691,37.5
55406,40,19,4801.143607987582,252.69176884145168,36.44444444444444
55407,15,18,6001.426676092295,333.4125931162386,38.705882352941174
55450,60,23,7896.508161679642,343.32644181215835,28.318181818181817
55454,1,31,11723.678669860692,378.183182898732,18.866666666666667
55504,24,18,6078.463904891597,337.69243916064426,36.11764705882353
55569,48,17,5805.691258779021,341.511250516413,39.25
55751,45,14,4496.419191951641,321.1727994251172,42.15384615384615
55753,15,17,5392.795265552908,317.2232509148769,42.125
55837,29,16,5318.781918885432,332.4238699303395,43.4
56146,24,21,5196.661228382016,247.4600584943817,33.55
56189,23,20,4851.935788543982,242.5967894271991,35.31578947368421
56279,21,24,6654.901511981056,277.28756299921065,26.043478260869566
56354,11,19,4999.352269778153,263.12380367253434,35.94444444444444
56399,9,18,3560.474566499335,197.8041425832964,40.64705882352941
56439,47,18,5946.03971505086,330.33553972504774,37.88235294117647
56593,17,22,8214.066015924942,373.36663708749734,31.952380952380953
56696,127,13,2698.4634225977047,207.57410943059267,46.0
56848,24,25,8972.987610904462,358.91950443617844,27.75
56859,23,18,6053.3139888741,336.29522160411665,37.529411764705884
56891,112,14,5046.136789771458,360.43834212653275,44.53846153846154
57029,47,26,9066.76647200216,348.7217873846985,23.52
57036,7,26,6431.752841810268,247.37510930039494,27.6
57089,99,16,4413.1632171079245,275.8227010692453,40.0
57137,2,20,7298.425572033127,364.92127860165635,27.157894736842106
57373,47,26,7631.004297830638,293.5001653011784,25.76
57382,43,22,8756.989130331498,398.04496046961356,31.19047619047619
57669,1,16,4652.002926288768,290.750182893048,45.0
57768,12,19,6304.31531531346,331.8060692270242,36.27777777777778
57790,27,25,6283.350723966233,251.33402895864933,27.125
57897,21,9,1690.5696809717708,187.8410756635301,44.375
57944,19,29,6871.672494421282,236.95422394556144,22.678571428571427
57983,37,18,7602.717169497895,422.3731760832164,37.0
58188,26,26,6478.4167486714605,249.16987494890233,26.68
58245,61,16,5752.721542904165,359.54509643151033,40.06666666666667
58285,11,18,5553.41620000512,308.5231222225067,38.76470588235294
58378,13,18,5630.476423567322,312.80424575374013,39.470588235294116
58584,146,17,5419.1517162093305,318.77363036525475,34.625
58625,3,19,5355.4971440680165,281.8682707404219,33.388888888888886
58712,3,19,7152.802037185042,376.4632651150022,36.94444444444444
58801,35,22,7017.701861221231,318.9864482373287,30.61904761904762
58853,4,25,6866.897108282932,274.67588433131726,27.0
58870,7,14,6106.746112728441,436.1961509091744,50.46153846153846
59005,24,14,2899.0083841627225,207.07202744019446,50.07692307692308
59040,112,13,4306.249813227248,331.2499856328652,40.666666666666664
59049,52,17,6073.040080503202,357.23765179430603,40.125
59088,81,16,4923.548433915862,307.7217771197414,40.86666666666667
59190,1,22,6934.400919672898,315.2000418033136,32.95238095238095
59211,84,17,5592.642171583837,328.9789512696375,36.75
59221,34,15,6138.776048290331,409.2517365526888,47.214285714285715
59232,158,8,3187.7171071810044,398.46463839762555,70.14285714285714
59343,24,22,6921.010148101721,314.59137036826,26.0
59422,13,21,6445.347482173045,306.9213086749069,33.75
59768,21,13,5106.147508169567,392.7805775515052,55.916666666666664
59772,16,24,9021.817808148799,375.9090753395333,29.652173913043477
59821,72,12,3527.157853748667,293.92982114572226,56.09090909090909
59862,39,15,6012.472584071789,400.83150560478595,42.142857142857146
59912,20,19,5040.552290074037,265.2922257933704,37.27777777777778
59936,36,15,5126.490212341528,341.76601415610185,47.285714285714285
59950,88,18,5217.271167019103,289.84839816772796,33.0
59967,4,14,3973.4937766754483,283.8209840482463,49.23076923076923
60007,14,19,6353.074659269299,334.3723504878579,31.944444444444443
60132,36,20,5248.085872014089,262.4042936007044,34.578947368421055
60328,5,14,4877.675935045025,348.4054239317875,46.46153846153846
60804,7,16,6343.626955412231,396.47668471326443,45.2
60844,56,22,7967.315999013576,362.15072722788983,30.333333333333332
60870,66,17,3600.9094150641904,211.81820088612884,39.5625
60883,7,14,4304.885012221456,307.49178658724685,52.23076923076923
60918,1,21,7846.895064981579,373.66166976102755,32.85
61054,49,15,5756.394079911946,383.7596053274631,40.57142857142857
61186,50,16,4205.703173313534,262.85644833209585,42.2
61410,30,19,5795.755168668768,305.03974571940887,35.72222222222222
61454,54,11,3161.1721363470238,287.3792851224567,61.0
61516,8,29,8362.917823006233,288.37647665538736,22.964285714285715
61518,63,18,5691.405235641674,316.18917975787076,37.1764705882353
61520,57,19,5498.425056026027,289.39079242242246,35.27777777777778
61713,39,17,5162.795465645927,303.69385092034867,40.375
61966,33,14,3432.441925564279,245.17442325459135,49.46153846153846
62020,85,26,7019.914521594889,269.9967123690342,23.28
62129,8,27,7249.963765289743,268.5171764922127,25.46153846153846
62142,162,16,4900.402132248764,306.27513326554777,34.53333333333333
62270,10,22,6062.330791525593,275.56049052389056,31.19047619047619
62294,51,30,11760.363654975508,392.0121218325169,21.448275862068964
62299,43,22,6749.433805495911,306.7924457043596,31.238095238095237
62568,32,22,4684.735929084349,212.94254223110676,30.333333333333332
62842,2,24,8403.046660911525,350.12694420464686,27.17391304347826
62887,83,16,5408.369918203978,338.02311988774863,34.266666666666666
62942,41,23,8037.909558906272,349.4743286480988,28.40909090909091
62946,6,22,6715.270266995051,305.23955759068417,31.80952380952381
63073,17,17,6968.750659152818,409.92650936193047,40.875
63106,27,18,6777.7404922285405,376.54113845714113,36.705882352941174
63181,3,20,6798.864331667099,339.9432165833549,33.73684210526316
63202,35,17,4605.432029418571,270.9077664363865,37.625
63276,2,13,5120.075115368433,393.85193195141795,57.666666666666664
63430,37,9,3560.31669305986,395.5907436733178,82.75
63498,3,19,5498.758690826633,289.4083521487702,36.77777777777778
63643,3,9,3074.7647622397767,341.640529137753,64.0
63723,14,20,7811.926080945595,390.5963040472797,36.0
63769,4,23,6248.261614142539,271.6635484409799,30.90909090909091
63869,46,20,7497.815301725516,374.8907650862758,28.263157894736842
63943,3,27,7835.607147127988,290.20767211585144,25.115384615384617
63962,7,26,7780.81836171586,299.26224468137923,26.64
64140,15,20,5635.323980420818,281.7661990210409,33.68421052631579
64254,67,21,5511.64858291986,262.45945632951714,30.3
64279,3,17,3458.5042455984844,203.44142621167555,41.6875
64375,10,22,5563.281527995618,252.8764330907099,31.571428571428573
64532,8,22,6263.796020094811,284.7180009134005,28.61904761904762
64540,26,27,9358.409539415139,346.60776071907924,23.923076923076923
64647,51,16,5961.970699913042,372.62316874456513,41.6
64988,17,20,5217.025948101416,260.8512974050708,34.36842105263158
65038,48,29,8117.5207122346355,279.9145073184357,23.142857142857142
65120,14,20,8804.970714818252,440.2485357409126,33.10526315789474
65140,15,16,4134.144760703202,258.38404754395015,44.733333333333334
65293,38,17,6192.556776986619,364.26804570509523,27.8125
65317,50,16,3891.2915351512156,243.20572094695098,42.733333333333334
65322,20,18,3939.3681838963457,218.85378799424143,38.470588235294116
65454,27,29,7082.638924961334,244.22892844694255,23.607142857142858
65464,8,16,5460.693562556502,341.2933476597814,43.46666666666667
65467,34,17,7143.213487886616,420.1890286992127,34.5
65497,13,18,7204.569087403412,400.2538381890784,40.294117647058826
65966,19,21,7142.819261707673,340.1342505575082,33.45
65967,90,19,4950.157395779202,260.5345997778527,32.77777777777778
66097,19,15,5387.957376765424,359.19715845102826,47.57142857142857
66340,5,27,9260.585660497005,342.98465409248166,26.692307692307693
66457,23,21,5489.62996795681,261.4109508550862,33.5
66503,25,21,6934.578411275083,330.2180195845278,33.45
66586,82,23,9070.44733243061,394.36727532307,27.681818181818183
66678,19,18,5600.554913023203,311.14193961240017,35.705882352941174
66700,22,25,7958.302730320003,318.3321092128001,27.833333333333332
66724,140,15,3782.398446061312,252.15989640408745,39.0
66849,29,16,5114.495670138475,319.6559793836547,44.2
66961,45,17,4792.649411380107,281.92055361059454,39.8125
67057,1,24,6294.576145850833,262.27400607711803,30.347826086956523
67086,46,20,5145.308698835339,257.26543494176696,30.105263157894736
67104,59,15,5523.396629520075,368.226441968005,42.5
67115,13,14,4169.064905587022,297.79035039907296,50.15384615384615
67124,4,14,3913.659455819338,279.54710398709557,53.15384615384615
67134,4,22,6519.401637325826,296.3364380602648,31.238095238095237
67259,17,19,6462.985550537985,340.1571342388413,36.05555555555556
67276,56,22,8504.490919759057,386.56776907995715,29.61904761904762
67307,121,12,4044.582038847932,337.0485032373277,48.63636363636363
67336,12,29,6488.431698685069,223.73902409258858,23.107142857142858
67560,45,14,4424.905797566145,316.06469982615323,48.15384615384615
67822,72,27,9229.262816815624,341.82454877094904,22.5
67830,47,23,5268.22307485215,229.05317716748476,29.0
67947,23,13,3820.4406168079936,293.88004744676874,54.416666666666664
68314,69,19,7406.2132622396875,389.80069801261516,29.5
68430,18,22,5388.920965518084,244.95095297809473,32.476190476190474
68485,85,22,7322.976491044401,332.8625677747455,28.523809523809526
68510,41,17,5493.226853263612,323.1309913684477,38.5
68671,38,20,5638.277242774426,281.9138621387213,33.21052631578947
68673,7,18,5424.194118330264,301.3441176850147,36.529411764705884
68718,37,18,5516.597765255439,306.4776536253022,38.05882352941177
68732,14,29,9941.429240078018,342.80790483027647,24.464285714285715
68897,5,10,3641.281480941436,364.12814809414357,64.44444444444444
68910,9,21,5461.233651404432,260.05874530497294,33.5
69063,60,18,4849.981709255042,269.44342829194676,37.411764705882355
69207,40,17,5600.3731476142775,329.43371456554576,40.875
69347,45,18,4312.066568005563,239.55925377808683,38.411764705882355
69453,5,16,4378.610498942774,273.6631561839234,44.8
69548,75,19,6332.508133002792,333.28990173698907,34.72222222222222
69571,6,14,4929.537764007078,352.1098402862199,52.30769230769231
69657,18,14,3380.059810601518,241.43284361439416,50.53846153846154
69696,42,22,6061.817592619501,275.5371633008864,30.0
69719,13,21,7922.738912434904,377.27328154451925,29.25
69787,56,16,4229.623799054081,264.3514874408801,39.666666666666664
69835,26,23,8473.997365972333,368.4346680857536,29.90909090909091
69910,36,18,4660.652344619029,258.9251302566127,38.705882352941174
69916,15,21,5939.626319191144,282.83934853291163,34.25
69938,45,14,4399.885268970002,314.277519212143,48.07692307692308
70155,14,15,5061.761362885472,337.4507575256982,46.142857142857146
70221,57,18,6057.855718418068,336.54753991211487,31.294117647058822
70282,88,18,6363.299688623274,353.51664936795964,35.588235294117645
70375,3,25,7954.353325841341,318.1741330336536,26.208333333333332
70400,41,14,3222.436808627675,230.17405775911965,48.38461538461539
70410,25,23,7116.847348120403,309.4281455704523,30.09090909090909
70500,16,18,5955.630461811857,330.8683589895476,39.705882352941174
70988,25,20,6015.57828709167,300.7789143545835,33.1578947368421
70992,24,15,4005.1999470863243,267.01332980575495,46.785714285714285
71012,2,20,5709.257572571588,285.4628786285794,35.89473684210526
71134,15,19,5615.538871585066,295.5546774518456,36.05555555555556
71263,87,13,4152.059137761159,319.38916444316607,50.75
71264,165,18,4688.500223709336,260.47223465051866,31.294117647058822
71423,9,22,9311.963234980834,423.2710561354925,30.428571428571427
71473,57,27,7361.969817761889,272.6655488059959,23.46153846153846
71532,17,12,4314.728367286082,359.56069727384016,60.63636363636363
71603,195,20,4564.782288766123,228.23911443830616,26.526315789473685
71716,6,20,6685.096195486012,334.2548097743006,35.421052631578945
71747,4,30,10975.552604518749,365.8517534839583,23.724137931034484
71754,149,26,5891.465757154561,226.59483681363696,21.08
71782,27,17,6093.608298364066,358.4475469625921,41.375
72043,4,14,3935.4918242584276,281.106558875602,52.23076923076923
72178,163,16,5386.198671275125,336.6374169546953,34.733333333333334
72482,66,14,2892.6255409889395,206.61611007063854,44.76923076923077
72531,54,23,6309.042774803165,274.3062076001376,29.318181818181817
72668,3,29,9308.656968416459,320.9881713247055,24.428571428571427
72708,66,19,5351.949356969305,281.68154510364764,34.27777777777778
72762,43,29,9743.95677606254,335.99850951939794,22.071428571428573
72830,74,17,5568.219585143757,327.54232853786806,30.375
72972,20,16,4065.0879501466366,254.06799688416478,44.6
72979,13,20,5920.660796089063,296.03303980445315,35.73684210526316
73023,76,16,4739.335310103682,296.2084568814801,38.13333333333333
73046,33,26,10875.115981522884,418.273691597034,26.6
73179,1,18,4284.402073990861,238.02233744393672,39.588235294117645
73362,16,24,5546.244307440233,231.09351281000968,29.391304347826086
73464,7,22,7100.759079976087,322.7617763625494,32.476190476190474
73812,19,22,7336.016908024606,333.45531400111844,28.80952380952381
73861,11,21,5283.736632243278,251.60650629729895,32.95
73890,19,19,5308.685099906107,279.4044789424267,36.833333333333336
74385,17,23,7306.092363910549,317.65618973524124,30.5
74519,92,18,7793.379093343925,432.9655051857736,32.588235294117645
74534,53,18,6800.280228071917,377.7933460039954,32.64705882352941
74572,33,27,9169.426114737393,339.60837461990343,25.5
74597,19,22,6757.662208435543,307.1664640197974,31.666666666666668
74750,49,22,8051.192908493134,365.9633140224152,26.571428571428573
74792,194,13,4541.333357490462,349.333335191574,41.083333333333336
74909,113,14,4113.431544401691,293.8165388858351,40.23076923076923
74944,26,25,8387.789006059009,335.51156024236036,27.666666666666668
74966,2,16,4923.673597724405,307.7295998577753,42.4
75011,2,19,5104.032891285075,268.6333100676355,37.5
75031,18,13,2867.712220665534,220.59324774350262,50.666666666666664
75098,58,13,2363.591466542687,181.81472819559133,53.166666666666664
75106,8,21,6969.666488968455,331.8888804270693,33.5
75313,25,24,7767.068598013706,323.6278582505711,28.608695652173914
75428,38,26,9158.88660238057,352.2648693223296,26.12
75496,80,17,6847.71984533842,402.8070497257894,38.125
75592,36,12,3377.385634194811,281.4488028495676,59.09090909090909
75670,39,22,5416.945060290462,246.22477546774826,31.19047619047619
75725,52,12,4927.959430965061,410.6632859137551,58.0
75747,56,24,7396.469915743533,308.1862464893139,27.217391304347824
76115,63,21,6246.230601981615,297.439552475315,31.6
76139,26,13,3808.1917549349396,292.93782730268765,55.25
76216,11,16,3724.144591377638,232.75903696110237,35.86666666666667
76240,1,19,6389.453569084063,336.2870299517928,31.944444444444443
76294,7,20,6503.243180071794,325.1621590035897,29.68421052631579
76322,6,24,6921.178744095687,288.3824476706536,30.17391304347826
76324,4,23,7311.016774314502,317.8702945354131,31.0
76373,6,26,6980.858695814368,268.49456522362954,25.08
76439,46,16,5614.678254531437,350.9173909082148,39.6
76440,45,22,6613.074917170993,300.5943144168633,30.095238095238095
76448,11,20,5637.770668946428,281.8885334473214,34.31578947368421
76507,26,21,6408.810018134371,305.18142943497,33.35
76513,8,21,4304.995669353207,204.99979377872413,33.4
76903,15,22,5888.494714527864,267.6588506603575,30.904761904761905
77027,24,26,6018.595328142751,231.48443569779812,25.84
77066,106,15,3529.766218101544,235.31774787343628,42.07142857142857
77140,1,19,6502.689318967431,342.24680626144374,38.666666666666664
77205,29,22,8879.445827906135,403.6111739957334,31.142857142857142
77210,14,22,6007.673128676601,273.07605130348185,31.0
77373,3,17,4812.580524057827,283.09297200340154,43.3125
77393,84,17,5667.129114317577,333.36053613632805,37.125
77447,32,20,5906.303648706366,295.3151824353183,33.578947368421055
77801,5,19,7853.1244693261915,413.3223404908522,35.833333333333336
78173,19,15,3331.789855502452,222.11932370016348,41.857142857142854
78227,155,10,3533.9882636690404,353.398826366904,35.22222222222222
78265,62,17,5871.200851602895,345.36475597664094,39.0
78390,86,19,2929.4229378417253,154.1801546232487,32.5
78501,73,19,5721.41263793626,301.12698094401367,33.94444444444444
78627,29,26,10515.088263316551,404.4264716660212,26.6
78752,50,17,4848.80660570531,285.2239179826653,32.25
78779,20,19,5478.953785007427,288.3659886846014,36.72222222222222
78849,95,19,7119.569820876661,374.71420109877164,32.888888888888886
78862,111,13,4492.554794650634,345.58113805004876,36.166666666666664
78956,4,13,4771.7839630890885,367.0603048530068,50.083333333333336
78964,3,20,7839.5553456251,391.977767281255,35.63157894736842
79105,36,25,7194.983814308352,287.79935257233404,27.083333333333332
79177,1,21,5927.1385370623775,282.2446922410656,30.25
79322,111,15,4594.77061725994,306.3180411506627,41.785714285714285
79325,83,18,3826.2400296418973,212.56889053566096,35.35294117647059
79438,6,18,5970.8176899622795,331.7120938867933,40.0
79480,10,14,3339.5731470996448,238.54093907854605,43.23076923076923
79488,65,21,10034.884625363891,477.85164882685194,31.75
79655,81,19,6879.333870220994,362.07020369584177,32.388888888888886
79688,7,22,6336.613213895353,288.0278733588797,32.476190476190474
79908,59,19,5512.449742688786,290.12893382572554,32.72222222222222
79965,38,14,3916.7327658268296,279.76662613048785,47.53846153846154
80018,280,23,7603.056498292331,330.56767383879696,18.545454545454547
80053,11,19,5941.377024876211,312.7040539408532,38.27777777777778
80086,28,25,9213.620471344639,368.54481885378556,28.0
80108,21,19,6075.00646271139,319.7371822479679,31.055555555555557
80152,78,16,5357.189206844639,334.8243254277899,40.8
80226,23,19,8343.47553554942,439.13029134470634,35.0
80232,26,22,7058.429860561498,320.8377209346135,26.666666666666668
80264,61,21,7382.0864713958235,351.52792720932496,30.35
80315,88,21,4091.509353809935,194.83377875285404,29.8
80340,111,14,4100.911383231253,292.92224165937523,44.23076923076923
80435,37,17,4657.856169219867,273.99153936587453,39.3125
80445,28,14,4427.58015246776,316.2557251762686,50.23076923076923
80550,51,12,3297.7241405590025,274.81034504658356,57.36363636363637
80566,32,16,4652.337923466895,290.7711202166809,40.86666666666667
80571,113,16,4068.309684567121,254.26935528544507,38.53333333333333
80627,101,18,7667.951504599633,425.9973058110907,34.0
80701,3,26,9869.27835731903,379.587629127655,27.8
80735,1,29,10084.961832869782,347.7573045817166,24.928571428571427
80745,44,22,6009.708638722673,273.1685744873942,28.285714285714285
80818,30,16,3786.1395975197306,236.63372484498316,43.53333333333333
80822,29,17,4032.4820022791037,237.20482366347667,40.75
80868,11,19,6375.763002888451,335.5664738362343,38.111111111111114
81009,21,21,7227.732007619145,344.17771464853075,31.1
81337,27,18,5459.920256543264,303.32890314129247,39.11764705882353
81346,25,15,2351.107277736551,156.74048518243674,48.214285714285715
81412,5,15,5628.907287903252,375.2604858602168,39.857142857142854
81541,7,26,9765.049330909691,375.5788204196035,27.72
81559,127,10,2708.842033197093,270.8842033197093,60.666666666666664
81569,22,15,5915.599116291323,394.37327441942153,45.142857142857146
81610,13,23,7466.1853178140245,324.6167529484359,30.045454545454547
81712,40,19,5344.7885620371535,281.3046611598502,33.5
81715,22,23,8381.669091977514,364.4203953033702,29.636363636363637
81931,90,21,6609.224049223447,314.724954724926,29.4
82061,8,18,5388.3440855505105,299.35244919725056,39.23529411764706
82078,7,17,6095.604257940341,358.56495634943184,42.875
82085,26,25,8178.0526215268055,327.1221048610722,27.875
82132,22,14,4406.40082778362,314.7429162702586,48.53846153846154
82181,28,17,5839.666994983389,343.50982323431697,41.875
82278,58,16,4219.375828656556,263.71098929103476,37.6
82370,34,24,6643.717012293282,276.8215421788868,27.17391304347826
82391,88,15,4395.704487591531,293.04696583943536,42.92857142857143
82394,2,20,5839.269633590063,291.96348167950316,35.473684210526315
82427,17,19,6447.63931379797,339.3494375683142,35.333333333333336
82440,38,21,6070.919226491804,289.09139173770495,32.4
82682,30,18,4084.329145087845,226.9071747271025,38.705882352941174
82741,44,13,6012.259897167528,462.4815305513483,45.583333333333336
82750,12,18,4681.834690155305,260.10192723085027,38.88235294117647
82778,82,21,7131.493441806973,339.5949258003321,27.55
83198,43,18,3865.384998796283,214.74361104423795,37.1764705882353
83261,22,15,5641.629308325409,376.10862055502724,44.642857142857146
83490,33,19,6768.704390947639,356.2475995235599,35.111111111111114
83539,57,11,4321.454154804634,392.85946861860305,49.4
83781,66,18,5922.689144559148,329.0382858088416,36.588235294117645
83797,1,20,6167.7205246803405,308.38602623401704,33.0
83949,100,15,4848.658930630967,323.2439287087311,40.57142857142857
84047,39,17,5473.102892405941,321.94722896505533,41.3125
84218,8,17,3195.4043981553395,187.96496459737293,42.5
84285,30,24,6706.569997317734,279.4404165549056,27.91304347826087
84335,6,20,5266.478433391001,263.32392166955003,35.94736842105263
84344,46,19,6687.2040083701695,351.95810570369315,35.44444444444444
84365,1,34,11211.624210477705,329.75365324934427,20.242424242424242
84485,124,22,5903.56195843306,268.3437253833209,27.285714285714285
84538,6,24,6367.832207197065,265.32634196654436,29.608695652173914
84647,6,25,8927.059801824162,357.08239207296646,28.333333333333332
84680,3,17,5464.117728053348,321.41868988549106,43.3125
84788,2,19,5739.815709865499,302.09556367713157,35.0
84799,67,12,3833.323226553582,319.4436022127985,55.09090909090909
84902,15,19,4816.818711861822,253.51677430851691,37.05555555555556
84940,14,19,5023.6120616926,264.4006348259263,38.0
84945,15,24,6816.101106198957,284.00421275828984,28.695652173913043
85010,37,10,2988.3590335065196,298.83590335065196,65.66666666666667
85032,1,22,8413.380208881423,382.4263731309738,32.666666666666664
85319,27,26,9039.543827065072,347.6747625794259,26.64
85340,6,16,6067.35481976862,379.2096762355387,45.86666666666667
85417,31,25,5711.532734521629,228.46130938086517,26.75
85576,53,12,2698.52400742016,224.87700061834667,55.72727272727273
85609,11,22,8527.225024229838,387.60113746499263,32.19047619047619
85670,99,16,4519.31056034707,282.4569100216919,39.333333333333336
85676,1,24,7890.332204206371,328.7638418419321,28.47826086956522
85751,1,14,4561.879010871147,325.84850077651055,40.69230769230769
85920,106,15,4925.0045906456035,328.3336393763736,41.857142857142854
86053,1,26,7611.712564554964,292.7581755598063,27.48
86106,29,18,5842.299915816875,324.57221754538193,38.411764705882355
86150,33,21,5696.075201561565,271.2416762648364,30.05
86169,27,15,5142.02713529149,342.80180901943265,47.92857142857143
86227,35,23,5865.890989240721,255.03873866264004,26.363636363636363
86369,75,20,6891.1780343537375,344.55890171768687,32.26315789473684
86445,9,26,6529.18699694536,251.12257680559077,27.36
86479,2,28,8687.362824218477,310.26295800780275,24.22222222222222
86547,25,23,8891.197672647897,386.5738118542564,30.181818181818183
86600,10,37,10255.47556820175,277.175015356804,18.75
86805,26,28,8123.492066260223,290.1247166521508,24.51851851851852
86876,31,25,8504.705212928995,340.1882085171598,26.958333333333332
86890,92,21,5931.086198123278,282.4326761011085,27.3
86956,40,22,6360.490668648943,289.1132122113156,31.38095238095238
87009,101,11,4157.07891944394,377.9162654039946,53.2
87094,2,21,6186.278634639476,294.5846968875941,33.9
87180,46,22,6393.745231604547,290.6247832547522,28.666666666666668
87245,51,16,5472.6961845328515,342.0435115333032,39.8
87272,82,25,8410.416046488603,336.4166418595441,24.833333333333332
87463,39,31,8658.246885764353,279.2982866375598,21.766666666666666
87709,57,26,8641.614044634563,332.36977094748323,24.64
87787,10,17,4583.2518671098715,269.60305100646303,40.0
88073,18,22,6216.036793363703,282.5471269710774,31.0
88095,12,25,9420.049443386279,376.80197773545115,28.541666666666668
88541,17,19,5090.261425501939,267.9084960790494,33.77777777777778
88709,28,17,7163.636340117555,421.39037294809145,41.4375
88749,41,26,7514.222291457612,289.00854967144664,25.44
89013,2,24,7949.847626446859,331.2436511019525,30.17391304347826
89127,4,13,4210.775498199318,323.90580755379364,44.583333333333336
89346,7,24,6819.617592059722,284.1507330024884,30.043478260869566
89572,13,14,3554.8532695168997,253.91809067977854,47.76923076923077
89765,83,11,3535.641268466466,321.42193349695145,51.1
89909,10,24,8731.96122555489,363.8317177314537,29.434782608695652
90019,48,13,4909.8428534863315,377.6802194989486,53.416666666666664
90170,113,24,7381.99336080446,307.58305670018586,23.217391304347824
90250,64,13,4369.534422404255,336.118032492635,49.333333333333336
90271,1,18,5823.826891377165,323.5459384098425,41.0
90380,21,14,4617.31281793332,329.8080584238086,48.76923076923077
90409,61,15,6077.325662367135,405.155044157809,41.07142857142857
90418,124,22,6455.5184102766125,293.4326550125733,26.714285714285715
90653,32,18,6776.7018929018,376.4834384945445,36.705882352941174
90732,3,25,8666.474189015316,346.65896756061267,24.916666666666668
90826,38,22,5661.273387365037,257.3306085165926,31.428571428571427
90852,74,21,6486.97737565961,308.9036845552195,30.25
91055,12,18,6019.388778893641,334.41048771631336,37.470588235294116
91233,24,17,4760.69100762321,280.0406475072476,41.875
91237,48,21,6768.358773833239,322.30279875396377,31.95
91496,48,15,4790.911045094618,319.3940696729745,42.57142857142857
91497,63,21,5030.6515309827055,239.55483480870026,31.8
91771,10,19,6477.6267646868855,340.9277244572045,36.94444444444444
91848,2,18,4218.85211302575,234.38067294587503,37.88235294117647
91956,15,17,5672.610906239476,333.6829944846751,38.8125
92233,20,26,8869.120679971142,341.1200261527362,23.2
92373,50,22,6011.857612411643,273.2662551096201,30.952380952380953
92440,14,21,6788.840572945083,323.27812252119446,34.0
92470,60,23,7410.484191458744,322.19496484603235,24.954545454545453
92587,13,23,7756.026138338666,337.218527753855,30.318181818181817
92658,38,24,6346.757722342273,264.44823843092803,26.608695652173914
92703,19,18,3836.3837118167644,213.13242843426468,38.8235294117647
92809,33,17,5344.171022560777,314.3630013271045,41.0
92840,10,23,6372.567957568082,277.0681720681775,31.045454545454547
92886,14,19,4627.495056593847,243.55237139967616,34.77777777777778
92945,15,18,5109.741414089641,283.87452300498006,38.705882352941174
93026,50,26,8511.991895063138,327.38430365627454,25.4
93101,30,6,2375.0931784409127,395.84886307348546,117.2
93231,1,28,9201.102469244766,328.6108024730274,25.48148148148148
93234,93,15,4249.872313035987,283.3248208690658,41.214285714285715
93259,1,22,5707.394300638915,259.42701366540524,31.761904761904763
93322,225,14,5012.064970611706,358.00464075797896,30.615384615384617
93381,8,20,5365.416630091534,268.2708315045767,34.73684210526316
93407,29,16,3162.761292807487,197.67258080046793,40.333333333333336
93474,17,15,4676.823080857649,311.7882053905099,47.285714285714285
93479,23,19,5666.584930033313,298.2413121070165,37.44444444444444
93500,55,22,6348.024508268938,288.546568557679,29.285714285714285
93810,22,22,5745.972460951343,261.1805664068792,32.285714285714285
93822,95,21,6325.254656957389,301.20260271225663,27.7
93971,19,21,6335.667077952333,301.69843228344445,32.45
93989,12,23,5258.9935886641615,228.65189515931138,29.363636363636363
94092,84,16,5051.552138474516,315.72200865465726,39.0
94233,6,18,6218.825789357833,345.4903216309907,40.1764705882353
94242,24,24,6129.293769925658,255.3872404135691,29.0
94250,11,21,5863.573243265298,279.2177734888237,33.05
94251,24,20,4345.779837247321,217.28899186236603,35.526315789473685
94312,1,19,5543.571915975852,291.76694294609746,35.27777777777778
94403,17,19,5405.644545040869,284.50760763372995,35.72222222222222
94423,10,20,5306.576292819532,265.3288146409766,32.78947368421053
94487,4,22,6856.653224924508,311.6660556783867,32.23809523809524
94626,22,16,5546.7081254662335,346.6692578416396,36.666666666666664
94652,6,26,8609.100611943924,331.11925430553555,26.16
95141,8,41,13149.817099787844,320.7272463362889,17.15
95294,192,14,5141.112271130857,367.2223050807755,38.15384615384615
95305,2,24,8279.037806451153,344.9599086021314,28.565217391304348
95394,11,17,4559.902970697548,268.2295865116205,38.5
95396,86,17,4633.0348696678275,272.5314629216369,37.375
95415,21,25,7472.0512078493275,298.8820483139731,28.291666666666668
95421,21,20,5168.284312635121,258.41421563175606,32.73684210526316
95606,4,14,5739.377396088974,409.9555282920696,52.92307692307692
95725,61,19,6624.418162542635,348.65358750224397,34.5
95759,31,16,5004.13152728857,312.75822045553565,44.6
95838,2,20,7187.1964712914805,359.359823564574,36.73684210526316
96005,25,18,4899.096909030452,272.17205050169173,38.705882352941174
96269,27,14,5700.956606957332,407.211186211238,49.92307692307692
96298,15,25,6359.362857532741,254.37451430130966,25.083333333333332
96321,21,20,6189.283997234183,309.4641998617091,28.157894736842106
96371,43,17,6256.380426412995,368.0223780242938,40.75
96393,62,24,7362.79564611383,306.78315192140957,26.130434782608695
96424,10,16,5480.984337472339,342.56152109202117,45.666666666666664
96443,1,21,6707.171464960657,319.3891173790789,34.2
96515,9,24,6016.909918930589,250.7045799554412,28.0
96558,45,27,10315.846716590302,382.0683969107519,24.115384615384617
96569,37,25,6435.651629970838,257.42606519883356,26.541666666666668
96634,9,14,4161.932006067278,297.28085757623415,52.07692307692308
96685,94,14,5366.931804858587,383.35227177561336,40.23076923076923
96688,45,21,6959.219332556313,331.39139678839587,30.7
96959,253,8,2972.8628769099096,371.6078596137387,54.714285714285715
97027,35,22,6721.498142067107,305.5226428212322,27.857142857142858
97074,51,14,3780.327827584341,270.02341625602435,48.30769230769231
97136,18,21,6600.278691596754,314.29898531413113,27.4
97146,1,24,6586.662034935021,274.4442514556259,28.47826086956522
97224,167,9,3784.0077389287353,420.445304325415,62.75
97236,5,21,6807.795326318263,324.1807298246792,30.85
97242,30,21,6816.748171247703,324.60705577370015,29.6
97361,11,21,5639.411452757753,268.54340251227393,33.75
97430,68,15,5032.904462635412,335.5269641756941,45.0
97463,27,34,10461.0338067709,307.67746490502645,18.303030303030305
97579,86,23,6096.381176071469,265.0600511335421,27.454545454545453
97605,1,22,6761.570322557859,307.3441055708118,32.857142857142854
97763,7,21,7528.140364792324,358.4828745139202,33.65
97805,69,23,5660.393199454678,246.10405215020342,26.90909090909091
98160,62,19,6040.284907120357,317.909731953703,34.666666666666664
98201,135,19,4339.606712130855,228.400353270045,31.055555555555557
98203,30,16,4928.543915856881,308.03399474105504,42.8
98217,64,23,7666.930124657666,333.34478802859417,28.59090909090909
98445,44,21,6219.8126284961945,296.18155373791404,32.25
98597,116,15,5764.6867590804295,384.31245060536196,34.214285714285715
98795,104,13,3536.625061843341,272.048081680257,40.916666666666664
99070,4,18,5127.237921673179,284.84655120406546,37.35294117647059
99223,20,17,4339.428960247152,255.26052707336186,40.4375
99312,23,16,4050.8051923260014,253.17532452037509,37.733333333333334
99338,36,21,6818.537804408414,324.69227640040066,31.9
99511,1,29,9512.501275186289,328.01728535125136,24.642857142857142
99648,7,23,8884.58524731305,386.28631510056744,31.272727272727273
99698,20,28,6562.259645540439,234.36641591215854,25.11111111111111
99732,8,19,5129.996218432211,269.9998009701164,30.333333333333332
99821,43,23,6628.115203718854,288.1789219008197,29.59090909090909
99918,7,22,5468.138359130039,248.55174359681996,32.904761904761905
